qstart,qend,sseqid,pident,slen,qseq,length,sstart,send,qlen,evalue,sframe,db,Feature,Description,Type,priority,percmatch,abs percmatch,pi_permatch,score,wiggle,wstart,wend,kind,qstart_dup,qend_dup,fragment
2211,2800,ori,100.0,589,TTGAGATCCTTTTTTTCTGCGCGTAATCTGCTGCTTGCAAACAAAAAAACCACCGCTACCAGCGGTGGTTTGTTTGCCGGATCAAGAGCTACCAACTCTTTTTCCGAAGGTAACTGGCTTCAGCAGAGCGCAGATACCAAATACTGTCCTTCTAGTGTAGCCGTAGTTAGGCCACCACTTCAAGAACTCTGTAGCACCGCCTACATACCTCGCTCTGCTAATCCTGTTACCAGTGGCTGCTGCCAGTGGCGATAAGTCGTGTCTTACCGGGTTGGACTCAAGACGATAGTTACCGGATAAGGCGCAGCGGTCGGGCTGAACGGGGGGTTCGTGCACACAGCCCAGCTTGGAGCGAACGACCTACACCGAACTGAGATACCTACAGCGTGAGCTATGAGAAAGCGCCACGCTTCCCGAAGGGAGAAAGGCGGACAGGTATCCGGTAAGCGGCAGGGTCGGAACAGGAGAGCGCACGAGGGAGCTTCCAGGGGGAAACGCCTGGTATCTTTATAGTCCTGTCGGGTTTCGCCACCTCTGACTTGAGCGTCGATTTTTGTGATGCTCGTCAGGGGGGCGGAGCCTATGGAAA,589,1,589,3267,0.0,1,snapgene,ori,high-copy-number ColE1/pMB1/pBR322/pUC origin of replication ,rep_origin,1.0,100.0,100.0,100.0,5890.0,88,2299,2711,1,2211,2799,False
2985,3126,bom,100.0,141,CGCAGCCATGACCCAGTCACGTAGCGATAGCGGAGTGTATACTGGCTTAACTATGCGGCATCAGAGCAGATTGTACTGAGAGTGCACCATATGCGGTGTGAAATACCGCACAGATGCGTAAGGAGAAAATACCGCATCAGG,141,141,1,3267,3.08e-75,-1,snapgene,bom,basis of mobility region from pBR322,misc_feature,1.0,100.0,100.0,100.0,1410.0,21,3006,3104,1,6252,6392,False
1075,1180,AmpR_promoter_(4),100.0,105,CGCGGAACCCCTATTTGTTTATTTTTCTAAATACATTCAAATATGTATCCGCTCATGAGACAATAACCCTGATAAATGCTTCAATAATATTGAAAAAGGAAGAGT,105,1,105,3267,9.35e-54,1,snapgene,AmpR promoter,bla,promoter,1.0,100.0,100.0,100.0,1050.0,15,1090,1164,1,1075,1179,False
1180,2041,AmpR_(2),99.884,861,ATGAGTATTCAACATTTCCGTGTCGCCCTTATTCCCTTTTTTGCGGCATTTTGCCTTCCTGTTTTTGCTCACCCAGAAACGCTGGTGAAAGTAAAAGATGCTGAAGATCAGTTGGGTGCACGAGTGGGTTACATCGAACTGGATCTCAACAGCGGTAAGATCCTTGAGAGTTTTCGCCCCGAAGAACGTTTTCCAATGATGAGCACTTTTAAAGTTCTGCTATGTGGCGCGGTATTATCCCGTGTTGACGCCGGGCAAGAGCAACTCGGTCGCCGCATACACTATTCTCAGAATGACTTGGTTGAGTACTCACCAGTCACAGAAAAGCATCTTACGGATGGCATGACAGTAAGAGAATTATGCAGTGCTGCCATAACCATGAGTGATAACACTGCGGCCAACTTACTTCTGACAACGATCGGAGGACCGAAGGAGCTAACCGCTTTTTTGCACAACATGGGGGATCATGTAACTCGCCTTGATCGTTGGGAACCGGAGCTGAATGAAGCCATACCAAACGACGAGCGTGACACCACGATGCCTGCAGCAATGGCAACAACGTTGCGCAAACTATTAACTGGCGAACTACTTACTCTAGCTTCCCGGCAACAATTAATAGACTGGATGGAGGCGGATAAAGTTGCAGGACCACTTCTGCGCTCGGCCCTTCCGGCTGGCTGGTTTATTGCTGATAAATCTGGAGCCGGTGAGCGTGGGTCTCGCGGTATCATTGCAGCACTGGGGCCAGATGGTAAGCCCTCCCGTATCGTAGTTATCTACACGACGGGGAGTCAGGCAACTATGGATGAACGAAATAGACAGATCGCTGAGATAGGTGCGTCACTGATTAAGCATTGGTAA,861,1,861,3267,0.0,1,snapgene,AmpR,"β-lactamase; bla; confers resistance to ampicillin, carbenicillin, and related antibiotics",CDS,1.0,100.0,100.0,99.884,860.0012399999999,129,1309,1911,1,1180,2040,False
233,947,Folding_Reporter_GFP,99.6,714,ATGAGTAAAGGAGAAGAACTTTTCACTGGAGTTGTCCCAATTCTTGTTGAATTAGATGGTGATGTTAATGGGCACAAATTTTCTGTCAGTGGAGAGGGTGAAGGTGATGCAACATACGGAAAACTTACCCTTAAATTTATTTGCACTACTGGAAAACTACCTGTTCCATGGCCAACACTTGTCACTACTCTGACGTATGGTGTTCAATGCTTTTCCCGTTATCCGGATCATATGAAACGGCATGACTTTTTCAAGAGTGCCATGCCCGAAGGTTATGTACAGGAACGCACGATATCTTTCAAAGATGACGGGAACTACAAGACGCGTGCTGAAGTCAAGTTTGAAGGTGATACCCTTGTTAATCGTATCGAGTTAAAAGGTATTGATTTTAAAGAAGATGGAAACATTCTCGGACACAAACTCGAGTACAACTATAACTCACACAATGTATACATCACGGCAGACAAACAAAAGAATGGAATCAAAGCTAACTTCAAAATTCGCCACAACATTGAAGATGGATCCGTTCAACTAGCAGACCATTATCAACAAAATACTCCAATTGGCGATGGCCCTGTCCTTTTACCAGACAACCATTACCTGTCGACACAATCTGCCCTTTTGAAAGATCCCAACGAAAAGCGTGACCACATGGTCCTTCTTGAGTTTGTAACTGCTGCTGGGATTACACATGGCATGGATGAGCTCTACAAA,714,1,238,3267,1.03e-203,1,fpbase,Folding Reporter GFP,"Folding Reporter GFP is a basic (constitutively fluorescent) green fluorescent protein published in 1999, derived from Aequorea victoria.",CDS,1.0,100.0,100.0,99.6,711.144,107,340,839,1,233,946,False
87,118,lac_promoter,100.0,31,TTTACACTTTATGCTTCCGGCTCGTATGTTG,31,1,31,3267,1.35e-09,1,snapgene,lac promoter,promoter for the E. coli lac operon,promoter,1.0,100.0,100.0,100.0,310.0,4,91,113,1,87,117,False
51,73,CAP_binding_site,100.0,22,TAATGTGAGTTAGCTCACTCAT,22,1,22,3267,0.000317,1,snapgene,CAP binding site,CAP binding activates transcription in the presence of cAMP. E. coli catabolite activator protein,protein_bind,1.0,100.0,100.0,100.0,220.0,3,54,69,1,51,72,False
125,142,lac_operator_(2),100.0,17,TTGTGAGCGGATAACAA,17,1,17,3267,0.31,1,snapgene,lac operator,The lac repressor binds to the lac operator to inhibit transcription in E. coli. This inhibition can be relieved by adding lactose or isopropyl-β-D-thiogalactopyranoside (IPTG). lac repressor encoded by lacI,protein_bind,1.0,100.0,100.0,100.0,170.0,2,127,139,1,125,141,False
178,220,MCS_(8),97.619,57,ACCCTGGGATCCTCTAGAGTCGACCTGCAGGCATGCAAGCTT,42,57,16,3267,8.98e-14,-1,snapgene,MCS,pUC18/19 multiple cloning site,misc_feature,1.0,73.68421052631578,73.68421052631578,71.92978947368421,30.21051157894737,6,184,213,1,3445,3486,True
3227,3,rop,100.0,192,CAGCTGCCTCGCGCGTTTCGGTGATGACGGTGAAAACCTCTGA,43,192,150,3267,9.32e-17,-1,snapgene,rop,"Rop protein, which maintains plasmids at low copy number; rop",CDS,1.0,22.395833333333336,22.395833333333343,22.395833333333343,9.630208333333337,6,3233,3263,1,3227,3269,True
0,39,lacI,100.0,1083,CTGGCACGACAGGTTTCCCGACTGGAAAGCGGGCAGTGA,39,1045,1083,3267,2.27e-14,1,snapgene,lacI,lac repressor; lacI; The lac repressor binds to the lac operator to inhibit transcription in E. coli. This inhibition can be relieved by adding lactose or isopropyl-β-D-thiogalactopyranoside (IPTG).,CDS,1.0,3.6011080332409975,3.6011080332409904,3.6011080332409904,1.4044321329639864,5,5,33,1,0,38,True
